BOARDID,TRADEDATE,SHORTNAME,SECID,NUMTRADES,VALUE,OPEN,LOW,HIGH,LEGALCLOSEPRICE,WAPRICE,CLOSE,VOLUME,MARKETPRICE2,MARKETPRICE3,ADMITTEDQUOTE,MP2VALTRD,MARKETPRICE3TRADESVALUE,ADMITTEDVALUE,WAVAL,TRADINGSESSION,return
TQBR,2021-11-05,CIAN-адр,CIAN,14791,460667579.6,1250.6,1205.2,1280.0,,1161.8,1271.4,371313,,,,0.0,0.0,0.0,0,3,0.0
TQBR,2021-11-08,CIAN-адр,CIAN,16666,410205745.6,1300.0,1100.0,1339.6,1280.0,1223.8,1228.6,323096,1276.4,1276.4,1280.0,350306728.6,350306728.6,350306728.6,0,3,-0.0336636778354571
TQBR,2021-11-09,CIAN-адр,CIAN,14926,356549049.2,1225.0,1075.0,1226.2,1183.2,1170.8,1107.0,306534,1193.6,1193.6,1183.2,229382487.8,229382487.8,229382487.8,0,3,-0.0989744424548265
TQBR,2021-11-10,CIAN-адр,CIAN,7453,210777292.4,1115.6,1067.0,1145.0,1124.8,1127.8,1134.8,186898,1124.2,1124.2,1124.8,152705850.8,152705850.8,152705850.8,0,3,0.0251129177958445
TQBR,2021-11-11,CIAN-адр,CIAN,7600,283830338.8,1144.8,1078.2,1158.0,1135.4,1137.2,1090.0,249706,1138.2,1138.2,1135.4,185107418.6,185107418.6,185107418.6,0,3,-0.0394783221713076
TQBR,2021-11-12,CIAN-адр,CIAN,4838,136939421.6,1095.6,1095.6,1148.0,1125.4,1127.4,1106.0,121654,1126.4,1126.4,1125.4,131661571.2,131661571.2,131661571.2,0,3,0.0146788990825688
TQBR,2021-11-15,CIAN-адр,CIAN,4339,90442848.4,1128.6,1083.6,1136.0,1107.0,1119.0,1096.2,81049,1117.6,1117.6,1107.0,82761316.4,82761316.4,82761316.4,0,3,-0.0088607594936708
TQBR,2021-11-16,CIAN-адр,CIAN,2630,28922835.0,1107.0,1096.4,1123.8,1110.0,1110.6,1102.6,26044,1112.4,1112.4,1110.0,24514657.6,24514657.6,24514657.6,0,3,0.0058383506659367
TQBR,2021-11-17,CIAN-адр,CIAN,1854,44286919.6,1111.4,1095.0,1115.4,1105.0,1108.0,1106.2,39967,1108.8,1108.8,1105.0,39874393.4,39874393.4,39874393.4,0,3,0.0032650099764194
TQBR,2021-11-18,CIAN-адр,CIAN,2040,39835123.8,1106.8,1088.0,1130.0,1105.2,1105.4,1098.2,36040,1106.4,1106.4,1105.2,32794957.2,32794957.2,32794957.2,0,3,-0.0072319652865666
TQBR,2021-11-19,CIAN-адр,CIAN,2757,43005679.0,1093.0,1074.8,1109.0,1081.2,1087.0,1095.2,39566,1085.8,1085.8,1081.2,37555548.6,37555548.6,37555548.6,0,3,-0.0027317428519395
TQBR,2021-11-22,CIAN-адр,CIAN,2702,70655193.4,1107.0,1053.0,1107.0,1074.8,1074.2,1095.6,65774,1073.0,1073.0,1074.8,62427463.4,62427463.4,62427463.4,0,3,0.0003652300949597
TQBR,2021-11-23,CIAN-адр,CIAN,1782,46270788.2,1099.8,1055.0,1132.0,1123.2,1099.8,1115.8,42071,1093.2,1093.2,1123.2,29022968.2,29022968.2,29022968.2,0,3,0.0184373859072654
TQBR,2021-11-24,CIAN-адр,CIAN,2294,89561791.6,1124.8,1071.0,1165.0,1135.2,1141.8,1125.8,78440,1142.0,1142.0,1135.2,85630858.0,85630858.0,85630858.0,0,3,0.0089621796020792
TQBR,2021-11-25,CIAN-адр,CIAN,1015,12139641.2,1126.2,1095.6,1137.2,1129.0,1124.0,1103.0,10800,1126.6,1126.6,1129.0,10149410.4,10149410.4,10149410.4,0,3,-0.0202522650559601
TQBR,2021-11-26,CIAN-адр,CIAN,1247,36179307.6,1105.0,1090.2,1136.6,1122.8,1106.8,1114.0,32689,1105.2,1105.2,1122.8,33076187.6,33076187.6,33076187.6,0,3,0.0099728014505893
TQBR,2021-11-29,CIAN-адр,CIAN,2059,57650083.2,1100.0,1100.0,1190.0,1126.2,1134.8,1124.0,50290,1147.6,1147.6,1126.2,54412667.6,54412667.6,54412667.6,0,3,0.0089766606822262
TQBR,2021-11-30,CIAN-адр,CIAN,1835,57056688.6,1128.0,1114.2,1189.8,1144.4,1141.8,1183.4,49974,1132.8,1132.8,1144.4,41957453.0,41957453.0,41957453.0,0,3,0.052846975088968
TQBR,2021-12-01,CIAN-адр,CIAN,4622,241672428.6,1190.0,1121.0,1200.0,1186.4,1183.6,1196.8,204196,1171.4,1171.4,1186.4,112988013.0,112988013.0,112988013.0,0,3,0.0113233057292545
TQBR,2021-12-02,CIAN-адр,CIAN,2103,65109340.8,1199.6,1153.8,1220.0,1181.2,1187.4,1210.0,54837,1179.4,1179.4,1181.2,38132833.2,38132833.2,38132833.2,0,3,0.0110294117647059
TQBR,2021-12-03,CIAN-адр,CIAN,1230,26364568.4,1218.8,1152.0,1218.8,1178.6,1182.6,1180.6,22293,1183.0,1183.0,1178.6,19165189.4,19165189.4,19165189.4,0,3,-0.0242975206611571
TQBR,2021-12-06,CIAN-адр,CIAN,2703,81495872.4,1161.0,1075.0,1199.6,1135.0,1115.8,1107.2,73035,1164.2,1164.2,1135.0,14946703.4,14946703.4,14946703.4,0,3,-0.0621717770625104
TQBR,2021-12-07,CIAN-адр,CIAN,1961,24696717.0,1107.0,1070.0,1139.0,1103.6,1095.8,1086.4,22539,1116.4,1116.4,1103.6,8363301.4,8363301.4,8363301.4,0,3,-0.01878612716763
TQBR,2021-12-08,CIAN-адр,CIAN,1810,23275136.4,1101.2,1037.2,1107.0,1071.4,1061.8,1039.0,21922,1094.2,1094.2,1071.4,6510801.2,6510801.2,6510801.2,0,3,-0.0436303387334316
TQBR,2021-12-09,CIAN-адр,CIAN,3445,55231923.2,1048.0,981.4,1080.0,1020.0,1018.8,982.0,54209,1029.4,1029.4,1020.0,37834663.8,37834663.8,37834663.8,0,3,-0.0548604427333975
TQBR,2021-12-10,CIAN-адр,CIAN,3178,67368015.0,980.2,914.0,998.6,951.6,944.4,927.6,71339,955.8,955.8,951.6,32256313.8,32256313.8,32256313.8,0,3,-0.055397148676171
TQBR,2021-12-13,CIAN-адр,CIAN,2726,64820251.8,964.0,901.6,979.0,920.0,931.6,910.0,69579,939.4,939.4,920.0,42895540.4,42895540.4,42895540.4,0,3,-0.0189736955584303
TQBR,2021-12-14,CIAN-адр,CIAN,1902,29041229.2,902.0,852.0,944.2,895.0,891.4,881.4,32577,903.6,903.6,895.0,13925383.4,13925383.4,13925383.4,0,3,-0.0314285714285714
TQBR,2021-12-15,CIAN-адр,CIAN,1163,9708201.6,881.6,870.4,916.8,885.0,885.6,896.0,10963,886.8,886.8,885.0,6492047.2,6492047.2,6492047.2,0,3,0.0165645563875652
TQBR,2021-12-16,CIAN-адр,CIAN,2886,38332411.6,896.8,896.2,1003.0,958.2,946.2,992.8,40508,927.4,927.4,958.2,24912320.2,24912320.2,24912320.2,0,3,0.1080357142857142
TQBR,2021-12-17,CIAN-адр,CIAN,2185,128098105.6,1022.0,950.0,1090.0,982.2,996.6,951.8,128536,997.4,997.4,982.2,124606442.4,124606442.4,124606442.4,0,3,-0.0412973408541498
TQBR,2021-12-20,CIAN-адр,CIAN,2212,32969514.0,912.0,879.8,978.6,940.8,913.0,883.2,36112,916.2,916.2,940.8,27809779.0,27809779.0,27809779.0,0,3,-0.0720739651187223
TQBR,2021-12-21,CIAN-адр,CIAN,1440,26116023.0,894.6,891.0,932.2,905.0,908.8,911.2,28736,908.0,908.0,905.0,17344629.2,17344629.2,17344629.2,0,3,0.0317028985507246
TQBR,2021-12-22,CIAN-адр,CIAN,2152,23276297.4,928.8,909.4,1045.0,949.8,962.4,991.2,24187,927.6,927.6,949.8,5938049.2,5938049.2,5938049.2,0,3,0.0877963125548726
TQBR,2021-12-23,CIAN-адр,CIAN,1157,14062862.2,987.8,957.6,1025.0,969.2,985.0,981.2,14277,986.0,986.0,969.2,13047427.8,13047427.8,13047427.8,0,3,-0.0100887812752219
TQBR,2021-12-24,CIAN-адр,CIAN,581,3616408.6,991.4,961.0,997.8,975.6,975.6,978.6,3707,975.2,975.2,975.6,3225066.0,3225066.0,3225066.0,0,3,-0.0026498165511618
TQBR,2021-12-27,CIAN-адр,CIAN,1790,52919389.4,998.0,932.6,998.0,947.0,968.2,970.4,54662,971.6,971.6,947.0,21125443.8,21125443.8,21125443.8,0,3,-0.0083793173921929
TQBR,2021-12-28,CIAN-адр,CIAN,2530,74387057.2,931.0,913.4,988.4,945.4,965.0,980.6,77091,952.0,952.0,945.4,27165760.0,27165760.0,27165760.0,0,3,0.0105111294311624
TQBR,2021-12-29,CIAN-адр,CIAN,1759,26417363.4,954.0,939.0,1007.8,985.6,984.8,1000.6,26824,976.6,976.6,985.6,15467361.4,15467361.4,15467361.4,0,3,0.0203956761166632
TQBR,2021-12-30,CIAN-адр,CIAN,2257,47325328.6,1019.8,993.8,1090.0,1040.0,1034.6,1053.2,45742,1018.2,1018.2,1040.0,27699456.4,27699456.4,27699456.4,0,3,0.0525684589246452
TQBR,2022-01-03,CIAN-адр,CIAN,3200,34247606.4,1080.0,965.0,1080.0,987.0,998.4,971.2,34300,1005.8,1005.8,987.0,25323602.2,25323602.2,25323602.2,0,3,-0.0778579567033801
TQBR,2022-01-04,CIAN-адр,CIAN,7108,68141664.8,974.8,880.4,991.0,973.0,909.2,907.6,74940,976.4,976.4,973.0,7580275.2,7580275.2,7580275.2,0,3,-0.0654859967051071
TQBR,2022-01-05,CIAN-адр,CIAN,4874,73833333.4,912.2,852.4,958.0,893.8,900.2,877.6,82012,924.8,924.8,893.8,36624137.2,36624137.2,36624137.2,0,3,-0.0330542089026002
TQBR,2022-01-06,CIAN-адр,CIAN,5260,56821109.2,884.0,805.0,916.0,833.2,843.6,816.8,67348,866.2,866.2,833.2,26293487.8,26293487.8,26293487.8,0,3,-0.0692798541476755
TQBR,2022-01-07,CIAN-адр,CIAN,0,0.0,,,,814.6,,,0,866.2,831.0,814.6,26293487.8,503630.0,26293487.8,0,3,0.0
TQBR,2022-01-10,CIAN-адр,CIAN,4759,71351963.0,812.0,752.6,830.0,782.8,801.4,773.6,89035,808.6,808.6,782.8,57999750.6,57999750.6,57999750.6,0,3,0.0
TQBR,2022-01-11,CIAN-адр,CIAN,4400,63763484.2,775.0,752.4,817.4,780.0,782.4,762.8,81490,786.0,786.0,780.0,51213862.8,51213862.8,51213862.8,0,3,-0.0139607032057911
TQBR,2022-01-12,CIAN-адр,CIAN,2604,27458134.8,779.8,764.0,810.0,790.2,783.2,803.8,35063,776.8,776.8,790.2,19089221.8,19089221.8,19089221.8,0,3,0.0537493445201887
TQBR,2022-01-13,CIAN-адр,CIAN,2653,26696524.8,817.0,755.0,818.0,770.0,789.4,765.0,33817,803.2,803.2,770.0,17492997.8,17492997.8,17492997.8,0,3,-0.048270714107987
TQBR,2022-01-14,CIAN-адр,CIAN,2498,37917091.6,770.8,711.0,773.2,730.4,739.4,727.2,51274,742.6,742.6,730.4,28864901.2,28864901.2,28864901.2,0,3,-0.0494117647058822
TQBR,2022-01-17,CIAN-адр,CIAN,2047,16080466.8,737.4,710.0,754.8,714.4,733.6,731.8,21886,735.2,735.2,714.4,14283016.4,14283016.4,14283016.4,0,3,0.0063256325632562
TQBR,2022-01-18,CIAN-адр,CIAN,2271,17826440.2,725.0,655.0,741.8,692.0,695.8,668.6,25622,706.4,706.4,692.0,12923085.4,12923085.4,12923085.4,0,3,-0.0863623940967476
TQBR,2022-01-19,CIAN-адр,CIAN,4373,51296504.0,661.4,590.4,672.8,643.4,633.2,601.0,81598,651.8,651.8,643.4,26294976.8,26294976.8,26294976.8,0,3,-0.1011067903081065
TQBR,2022-01-20,CIAN-адр,CIAN,2967,52563796.4,606.0,562.2,629.8,594.8,598.8,571.4,87988,600.2,600.2,594.8,42507705.0,42507705.0,42507705.0,0,3,-0.0492512479201331
TQBR,2022-01-21,CIAN-адр,CIAN,3035,23550616.2,586.2,514.0,586.2,557.8,554.6,538.6,42459,567.0,567.0,557.8,15170477.2,15170477.2,15170477.2,0,3,-0.0574028701435071
TQBR,2022-01-24,CIAN-адр,CIAN,2754,26458095.6,562.8,480.0,562.8,505.6,504.0,489.6,52492,509.4,509.4,505.6,19194613.6,19194613.6,19194613.6,0,3,-0.0909766060155959
TQBR,2022-01-25,CIAN-адр,CIAN,2424,23371870.4,497.2,458.8,513.0,475.0,480.8,465.2,48616,488.0,488.0,475.0,14403968.6,14403968.6,14403968.6,0,3,-0.0498366013071896
TQBR,2022-01-26,CIAN-адр,CIAN,3150,46479691.4,478.0,454.4,495.0,473.0,483.2,455.4,96209,485.6,485.6,473.0,39207211.6,39207211.6,39207211.6,0,3,-0.0210662080825451
TQBR,2022-01-27,CIAN-адр,CIAN,3596,64986091.6,474.0,446.0,499.8,451.6,473.2,490.0,137330,472.2,472.2,451.6,56018579.0,56018579.0,56018579.0,0,3,0.0759771629336847
TQBR,2022-01-28,CIAN-адр,CIAN,3353,40842696.4,490.0,484.8,568.0,528.0,520.4,526.4,78473,520.4,520.4,528.0,37349536.4,37349536.4,37349536.4,0,3,0.0742857142857142
TQBR,2022-01-31,CIAN-адр,CIAN,9373,94430560.4,530.0,510.8,679.8,614.2,607.4,645.8,155447,601.6,601.6,614.2,72617329.4,72617329.4,72617329.4,0,3,0.2268237082066869
TQBR,2022-02-01,CIAN-адр,CIAN,14137,162856731.8,675.6,650.2,775.0,710.0,711.4,689.8,228893,715.0,715.0,710.0,134669048.0,134669048.0,134669048.0,0,3,0.068132548776711
TQBR,2022-02-02,CIAN-адр,CIAN,5707,94644623.6,710.0,666.4,736.0,703.8,705.4,718.8,134170,703.6,703.6,703.8,74977172.6,74977172.6,74977172.6,0,3,0.0420411713540156
TQBR,2022-02-03,CIAN-адр,CIAN,4202,63684820.0,656.8,656.8,705.0,693.4,688.2,678.2,92531,689.0,689.0,693.4,53354402.8,53354402.8,53354402.8,0,3,-0.0564830272676682
TQBR,2022-02-04,CIAN-адр,CIAN,3027,32757524.6,702.4,647.2,702.4,657.0,676.2,685.6,48447,676.6,676.6,657.0,23046791.6,23046791.6,23046791.6,0,3,0.0109112356237097
TQBR,2022-02-07,CIAN-адр,CIAN,3385,37217781.8,685.0,609.8,705.0,642.8,653.0,648.0,56987,665.6,665.6,642.8,25079529.0,25079529.0,25079529.0,0,3,-0.0548424737456243
TQBR,2022-02-08,CIAN-адр,CIAN,2975,33295897.0,690.0,629.0,709.0,649.6,660.8,697.2,50385,649.6,649.6,649.6,16981833.6,16981833.6,16981833.6,0,3,0.075925925925926
TQBR,2022-02-09,CIAN-адр,CIAN,3291,54731172.0,700.0,660.8,725.0,702.6,695.4,694.0,78698,694.6,694.6,702.6,41527814.6,41527814.6,41527814.6,0,3,-0.0045897877223179
TQBR,2022-02-10,CIAN-адр,CIAN,2444,42966638.4,696.0,674.0,709.6,683.6,688.8,698.0,62370,683.0,683.0,683.6,27640641.0,27640641.0,27640641.0,0,3,0.0057636887608069
TQBR,2022-02-11,CIAN-адр,CIAN,2060,24966940.4,687.0,622.6,700.0,674.8,676.0,634.2,36928,679.8,679.8,674.8,18128745.4,18128745.4,18128745.4,0,3,-0.0914040114613179
TQBR,2022-02-14,CIAN-адр,CIAN,2473,21129110.2,635.2,611.0,673.0,629.4,640.4,652.6,32989,637.6,637.6,629.4,15351197.8,15351197.8,15351197.8,0,3,0.0290129296751812
TQBR,2022-02-15,CIAN-адр,CIAN,2295,24997336.2,650.0,643.4,692.0,674.6,666.0,667.4,37530,661.6,661.6,674.6,18045534.0,18045534.0,18045534.0,0,3,0.022678516702421
TQBR,2022-02-16,CIAN-адр,CIAN,3533,38657167.2,680.0,655.0,705.0,662.2,682.2,660.2,56660,688.0,688.0,662.2,30114665.2,30114665.2,30114665.2,0,3,-0.0107881330536408
TQBR,2022-02-17,CIAN-адр,CIAN,2333,19249488.2,657.0,613.0,659.2,632.2,636.8,619.6,30226,643.2,643.2,632.2,13225870.8,13225870.8,13225870.8,0,3,-0.0614965162072099
TQBR,2022-02-18,CIAN-адр,CIAN,2138,22575114.4,638.6,569.4,645.0,590.0,608.4,614.2,37107,612.4,612.4,590.0,14378225.8,14378225.8,14378225.8,0,3,-0.0087153001936733
TQBR,2022-02-21,CIAN-адр,CIAN,7131,78855664.8,620.2,440.0,650.0,515.0,537.8,513.8,146621,553.6,553.6,515.0,62626572.2,62626572.2,62626572.2,0,3,-0.163464669488766
TQBR,2022-02-22,CIAN-адр,CIAN,4840,66346101.4,480.0,411.0,549.8,530.4,486.6,514.2,136325,482.4,482.4,530.4,55962793.6,55962793.6,55962793.6,0,3,0.0007785130400935
TQBR,2022-02-23,CIAN-адр,CIAN,0,0.0,,,,515.2,,,0,482.4,530.6,515.2,55962793.6,511993.4,55962793.6,0,3,0.0
TQBR,2022-02-24,CIAN-адр,CIAN,8083,45396893.6,463.8,318.4,485.4,335.2,351.2,410.0,129299,340.6,340.6,335.2,29840528.8,29840528.8,29840528.8,0,3,0.0
TQBR,2022-02-25,CIAN-адр,CIAN,5943,41758062.6,319.0,319.0,468.0,372.2,373.6,345.0,111780,381.0,381.0,372.2,28173935.0,28173935.0,28173935.0,0,3,-0.1585365853658536
TQBR,2022-02-28,CIAN-адр,CIAN,0,0.0,,,,347.8,,,0,381.0,380.2,347.8,28173935.0,510919.4,28173935.0,0,3,0.0
TQBR,2022-03-01,CIAN-адр,CIAN,0,0.0,,,,347.8,,,0,381.0,380.2,347.8,28173935.0,510919.4,28173935.0,0,3,0.0
TQBR,2022-03-02,CIAN-адр,CIAN,0,0.0,,,,347.8,,,0,359.2,380.2,347.8,58014463.8,510919.4,58014463.8,0,3,0.0
TQBR,2022-03-03,CIAN-адр,CIAN,0,0.0,,,,347.8,,,0,381.0,380.2,347.8,28173935.0,510919.4,28173935.0,0,3,0.0
TQBR,2022-03-04,CIAN-адр,CIAN,0,0.0,,,,347.8,,,0,452.2,380.2,347.8,176603829.6,510919.4,176603829.6,0,3,0.0
TQBR,2022-03-09,CIAN-адр,CIAN,0,0.0,,,,347.8,,,0,410.8,380.2,347.8,113977257.4,510919.4,113977257.4,0,3,0.0
TQBR,2022-03-10,CIAN-адр,CIAN,0,0.0,,,,347.8,,,0,359.2,380.2,347.8,58014463.8,510919.4,58014463.8,0,3,0.0
TQBR,2022-03-11,CIAN-адр,CIAN,0,0.0,,,,347.8,,,0,359.2,380.2,347.8,58014463.8,510919.4,58014463.8,0,3,0.0
TQBR,2022-03-14,CIAN-адр,CIAN,0,0.0,,,,347.8,,,0,381.0,380.2,347.8,28173935.0,510919.4,28173935.0,0,3,0.0
TQBR,2022-03-15,CIAN-адр,CIAN,0,0.0,,,,347.8,,,0,,380.2,347.8,0.0,510919.4,0.0,0,3,0.0
TQBR,2022-03-16,CIAN-адр,CIAN,0,0.0,,,,347.8,,,0,,380.2,347.8,0.0,510919.4,0.0,0,3,0.0
TQBR,2022-03-17,CIAN-адр,CIAN,0,0.0,,,,347.8,,,0,,380.2,347.8,0.0,510919.4,0.0,0,3,0.0
TQBR,2022-03-18,CIAN-адр,CIAN,0,0.0,,,,347.8,,,0,,380.2,347.8,0.0,510919.4,0.0,0,3,0.0
TQBR,2022-03-21,CIAN-адр,CIAN,0,0.0,,,,347.8,,,0,,380.2,347.8,0.0,510919.4,0.0,0,3,0.0
TQBR,2022-03-22,CIAN-адр,CIAN,0,0.0,,,,347.8,,,0,,380.2,347.8,0.0,510919.4,0.0,0,3,0.0
TQBR,2022-03-23,CIAN-адр,CIAN,0,0.0,,,,347.8,,,0,,380.2,347.8,0.0,510919.4,0.0,0,3,0.0
TQBR,2022-03-24,CIAN-адр,CIAN,0,0.0,,,,347.8,,,0,,380.2,347.8,0.0,510919.4,0.0,0,3,0.0
TQBR,2022-03-25,CIAN-адр,CIAN,0,0.0,,,,347.8,,,0,,380.2,347.8,0.0,510919.4,0.0,0,3,0.0
TQBR,2022-03-28,CIAN-адр,CIAN,0,0.0,,,,347.8,,,0,,380.2,347.8,0.0,510919.4,0.0,0,3,0.0
TQBR,2022-03-29,CIAN-адр,CIAN,0,0.0,,,,347.8,,,0,,380.2,347.8,0.0,510919.4,0.0,0,3,0.0
TQBR,2022-03-30,CIAN-адр,CIAN,7376,78822777.4,382.6,360.0,532.6,400.0,430.4,400.0,182982,430.8,430.8,400.0,78822777.4,78822777.4,78822777.4,0,3,0.0
TQBR,2022-03-31,CIAN-адр,CIAN,6060,39462569.0,420.0,400.0,450.0,442.0,433.8,442.0,90986,433.8,433.8,442.0,39462569.0,39462569.0,39462569.0,0,3,0.105
TQBR,2022-04-01,CIAN-адр,CIAN,9976,118685605.4,449.0,438.0,560.0,440.0,477.8,440.0,248124,478.4,478.4,440.0,118685605.4,118685605.4,118685605.4,0,3,-0.004524886877828
TQBR,2022-04-04,CIAN-адр,CIAN,11649,130004034.2,465.0,405.8,496.0,418.0,432.0,418.0,300994,432.0,432.0,418.0,130004034.2,130004034.2,130004034.2,0,3,-0.05
TQBR,2022-04-05,CIAN-адр,CIAN,15693,175275059.0,433.0,367.0,433.0,375.0,384.0,375.0,456520,384.0,384.0,375.0,175275059.0,175275059.0,175275059.0,0,3,-0.1028708133971291
TQBR,2022-04-06,CIAN-адр,CIAN,8182,102917270.4,360.0,355.2,417.0,395.2,392.2,395.2,262422,392.2,392.2,395.2,102917270.4,102917270.4,102917270.4,0,3,0.0538666666666666
TQBR,2022-04-07,CIAN-адр,CIAN,4431,43149189.2,396.4,396.4,423.8,403.0,407.8,403.0,105788,407.8,407.8,403.0,43149189.2,43149189.2,43149189.2,0,3,0.0197368421052631
TQBR,2022-04-08,CIAN-адр,CIAN,2154,19577157.4,413.2,383.0,414.4,395.6,398.2,395.6,49171,398.2,398.2,395.6,19577157.4,19577157.4,19577157.4,0,3,-0.0183622828784118
TQBR,2022-04-11,CIAN-адр,CIAN,1911,12732303.0,396.2,383.8,408.0,389.0,393.4,389.0,32456,392.2,392.2,389.0,12732303.0,12732303.0,12732303.0,0,3,-0.0166835187057634
TQBR,2022-04-12,CIAN-адр,CIAN,2278,15671697.8,387.0,370.0,399.6,376.4,377.0,376.4,41560,377.0,377.0,376.4,15671697.8,15671697.8,15671697.8,0,3,-0.0323907455012854
TQBR,2022-04-13,CIAN-адр,CIAN,1368,8086240.2,376.4,371.0,385.0,375.2,378.4,375.2,21369,378.4,378.4,375.2,8086240.2,8086240.2,8086240.2,0,3,-0.0031880977683315
TQBR,2022-04-14,CIAN-адр,CIAN,1706,11092139.0,375.4,363.0,380.4,364.8,370.8,364.8,29922,370.8,370.8,364.8,11092139.0,11092139.0,11092139.0,0,3,-0.0277185501066097
TQBR,2022-04-15,CIAN-адр,CIAN,1540,6553511.6,365.0,350.0,369.8,355.2,356.2,355.2,18394,356.2,356.2,355.2,6553511.6,6553511.6,6553511.6,0,3,-0.0263157894736842
TQBR,2022-04-18,CIAN-адр,CIAN,1794,8200062.6,357.0,332.0,365.8,336.4,350.8,336.4,23380,350.8,350.8,336.4,8200062.6,8200062.6,8200062.6,0,3,-0.0529279279279279
TQBR,2022-04-19,CIAN-адр,CIAN,2809,13819636.6,335.4,301.2,336.0,326.0,317.2,326.0,43575,317.2,317.2,326.0,13819636.6,13819636.6,13819636.6,0,3,-0.0309155766944113
TQBR,2022-04-20,CIAN-адр,CIAN,1711,9287810.6,339.0,312.6,340.0,327.6,326.8,327.6,28424,326.8,326.8,327.6,9287810.6,9287810.6,9287810.6,0,3,0.0049079754601227
TQBR,2022-04-21,CIAN-адр,CIAN,2376,19286463.0,327.6,300.0,335.2,309.0,315.0,309.0,61240,315.0,315.0,309.0,19286463.0,19286463.0,19286463.0,0,3,-0.0567765567765568
TQBR,2022-04-22,CIAN-адр,CIAN,2077,10930597.2,314.8,288.0,314.8,294.4,300.8,294.4,36339,300.8,300.8,294.4,10930597.2,10930597.2,10930597.2,0,3,-0.0472491909385114
TQBR,2022-04-25,CIAN-адр,CIAN,3163,20227746.0,294.0,258.2,305.0,290.4,274.6,290.4,73678,274.6,274.6,290.4,20227746.0,20227746.0,20227746.0,0,3,-0.0135869565217391
TQBR,2022-04-26,CIAN-адр,CIAN,1897,12768058.0,309.0,289.0,318.6,312.0,309.0,312.0,41323,309.0,309.0,312.0,12768058.0,12768058.0,12768058.0,0,3,0.0743801652892562
TQBR,2022-04-27,CIAN-адр,CIAN,1653,8441254.6,313.0,312.0,335.0,330.0,325.8,330.0,25902,325.8,325.8,330.0,8441254.6,8441254.6,8441254.6,0,3,0.0576923076923076
TQBR,2022-04-28,CIAN-адр,CIAN,1791,10963153.8,362.0,333.0,362.0,340.0,342.6,340.0,31998,342.6,342.6,340.0,10963153.8,10963153.8,10963153.8,0,3,0.0303030303030303
TQBR,2022-04-29,CIAN-адр,CIAN,978,8161379.0,344.8,340.0,357.0,341.2,346.8,341.2,23536,346.8,346.8,341.2,8161379.0,8161379.0,8161379.0,0,3,0.0035294117647058
TQBR,2022-05-04,CIAN-адр,CIAN,758,4330073.2,360.0,320.4,360.0,339.2,339.4,339.2,12757,339.4,339.4,339.2,4330073.2,4330073.2,4330073.2,0,3,-0.0058616647127784
TQBR,2022-05-05,CIAN-адр,CIAN,473,2473478.2,322.8,322.8,345.8,339.0,340.0,339.0,7273,340.0,340.0,339.0,2473478.2,2473478.2,2473478.2,0,3,-0.0005896226415094
TQBR,2022-05-06,CIAN-адр,CIAN,612,3166593.0,320.8,320.8,342.6,330.0,333.2,330.0,9503,333.2,333.2,330.0,3166593.0,3166593.0,3166593.0,0,3,-0.0265486725663716
TQBR,2022-05-11,CIAN-адр,CIAN,819,3539869.0,316.0,316.0,340.0,324.2,326.4,328.0,10844,326.4,326.4,324.2,3539869.0,3539869.0,3539869.0,0,3,-0.006060606060606
TQBR,2022-05-12,CIAN-адр,CIAN,681,4914355.4,330.0,310.0,330.0,314.0,319.8,314.0,15371,319.8,319.8,314.0,4914355.4,4914355.4,4914355.4,0,3,-0.0426829268292682
TQBR,2022-05-13,CIAN-адр,CIAN,824,2239741.8,303.0,302.4,318.0,305.0,308.8,305.0,7254,308.8,308.8,305.0,2239741.8,2239741.8,2239741.8,0,3,-0.0286624203821656
TQBR,2022-05-16,CIAN-адр,CIAN,524,1965009.4,300.0,300.0,317.6,315.0,313.0,315.0,6276,313.0,313.0,315.0,1965009.4,1965009.4,1965009.4,0,3,0.0327868852459016
TQBR,2022-05-17,CIAN-адр,CIAN,986,4168817.6,330.0,313.2,345.0,333.8,332.6,333.8,12537,332.6,332.6,333.8,4168817.6,4168817.6,4168817.6,0,3,0.0596825396825397
TQBR,2022-05-18,CIAN-адр,CIAN,713,3378444.2,338.0,334.2,344.8,342.4,341.4,342.4,9897,341.4,341.4,342.4,3378444.2,3378444.2,3378444.2,0,3,0.0257639304973036
TQBR,2022-05-19,CIAN-адр,CIAN,294,2097608.8,342.0,332.4,342.0,340.4,339.8,340.4,6173,339.8,339.8,340.4,2097608.8,2097608.8,2097608.8,0,3,-0.0058411214953271
TQBR,2022-05-20,CIAN-адр,CIAN,1333,6661644.6,343.8,310.0,343.8,320.4,319.0,320.4,20879,319.0,319.0,320.4,6661644.6,6661644.6,6661644.6,0,3,-0.0587544065804935
TQBR,2022-05-23,CIAN-адр,CIAN,938,3210880.0,300.0,300.0,331.2,304.0,308.0,304.0,10423,308.0,308.0,304.0,3210880.0,3210880.0,3210880.0,0,3,-0.0511860174781522
TQBR,2022-05-24,CIAN-адр,CIAN,899,2861940.2,300.0,290.0,314.8,292.8,296.4,292.8,9653,296.4,296.4,292.8,2861940.2,2861940.2,2861940.2,0,3,-0.0368421052631578
TQBR,2022-05-25,CIAN-адр,CIAN,943,5387835.8,292.8,289.8,306.0,294.6,295.4,294.6,18242,295.4,295.4,294.6,5387835.8,5387835.8,5387835.8,0,3,0.0061475409836065
TQBR,2022-05-26,CIAN-адр,CIAN,2467,10376603.4,295.0,295.0,319.8,300.8,306.0,300.8,33912,306.0,306.0,300.8,10376603.4,10376603.4,10376603.4,0,3,0.0210454854039375
TQBR,2022-05-27,CIAN-адр,CIAN,837,3374231.0,312.0,298.0,312.0,299.0,302.6,299.0,11154,302.6,302.6,299.0,3374231.0,3374231.0,3374231.0,0,3,-0.0059840425531915
TQBR,2022-05-30,CIAN-адр,CIAN,837,4836253.6,301.0,290.2,305.0,292.2,297.0,292.2,16286,297.0,297.0,292.2,4836253.6,4836253.6,4836253.6,0,3,-0.022742474916388
TQBR,2022-05-31,CIAN-адр,CIAN,786,4592360.6,287.0,285.4,302.8,296.8,295.8,298.6,15523,295.8,295.8,296.8,4592360.6,4592360.6,4592360.6,0,3,0.0219028062970569
TQBR,2022-06-01,CIAN-адр,CIAN,1499,12630314.8,298.8,291.6,317.8,317.0,308.4,317.0,40965,308.4,308.4,317.0,12630314.8,12630314.8,12630314.8,0,3,0.0616208975217681
TQBR,2022-06-02,CIAN-адр,CIAN,5880,52963280.0,317.0,310.0,339.2,334.6,329.2,334.6,160868,329.2,329.2,334.6,52963280.0,52963280.0,52963280.0,0,3,0.0555205047318612
TQBR,2022-06-03,CIAN-адр,CIAN,4247,34456510.2,335.0,315.0,355.0,326.2,338.6,326.2,101783,338.6,338.6,326.2,34456510.2,34456510.2,34456510.2,0,3,-0.0251046025104603
TQBR,2022-06-06,CIAN-адр,CIAN,2819,16749302.8,340.0,291.0,340.0,299.0,302.2,299.0,55438,302.2,302.2,299.0,16749302.8,16749302.8,16749302.8,0,3,-0.0833844267320661
TQBR,2022-06-07,CIAN-адр,CIAN,1518,13306098.2,309.0,285.0,309.0,292.6,291.6,292.6,45622,291.6,291.6,292.6,13306098.2,13306098.2,13306098.2,0,3,-0.0214046822742474
TQBR,2022-06-08,CIAN-адр,CIAN,3196,31233436.4,300.0,290.2,316.4,294.8,306.8,294.8,101784,306.8,306.8,294.8,31233436.4,31233436.4,31233436.4,0,3,0.0075187969924811
TQBR,2022-06-09,CIAN-адр,CIAN,1952,13953522.6,295.0,282.2,311.2,289.6,293.8,289.6,47489,293.8,293.8,289.6,13953522.6,13953522.6,13953522.6,0,3,-0.0176390773405698
TQBR,2022-06-10,CIAN-адр,CIAN,1379,8535969.0,289.6,288.0,298.8,292.0,292.4,292.0,29183,292.4,292.4,292.0,8535969.0,8535969.0,8535969.0,0,3,0.0082872928176794
TQBR,2022-06-14,CIAN-адр,CIAN,1011,5405927.0,289.0,263.0,296.4,285.0,285.2,285.0,18953,285.2,285.2,285.0,5405927.0,5405927.0,5405927.0,0,3,-0.023972602739726
TQBR,2022-06-15,CIAN-адр,CIAN,1104,6348405.6,286.0,273.0,292.4,284.2,282.0,284.2,22507,282.0,282.0,284.2,6348405.6,6348405.6,6348405.6,0,3,-0.0028070175438596
TQBR,2022-06-16,CIAN-адр,CIAN,837,5363095.4,290.0,276.6,290.6,283.6,284.6,283.6,18847,284.6,284.6,283.6,5363095.4,5363095.4,5363095.4,0,3,-0.0021111893033074
TQBR,2022-06-17,CIAN-адр,CIAN,685,4654918.4,283.6,280.0,286.6,281.2,282.2,281.2,16495,282.2,282.2,281.2,4654918.4,4654918.4,4654918.4,0,3,-0.0084626234132582
TQBR,2022-06-20,CIAN-адр,CIAN,827,3982017.4,284.0,280.2,286.0,285.0,282.8,285.0,14082,282.8,282.8,285.0,3982017.4,3982017.4,3982017.4,0,3,0.0135135135135135
TQBR,2022-06-21,CIAN-адр,CIAN,646,2733785.8,284.8,280.4,285.0,282.2,282.8,282.2,9665,282.8,282.8,282.2,2733785.8,2733785.8,2733785.8,0,3,-0.0098245614035088
TQBR,2022-06-22,CIAN-адр,CIAN,666,2730211.6,284.0,275.0,284.4,278.2,278.0,278.2,9818,278.0,278.0,278.2,2730211.6,2730211.6,2730211.6,0,3,-0.0141743444365698
TQBR,2022-06-23,CIAN-адр,CIAN,594,2688859.4,278.2,272.0,283.8,280.4,279.8,281.2,9608,279.8,279.8,280.4,2688859.4,2688859.4,2688859.4,0,3,0.01078360891445
TQBR,2022-06-24,CIAN-адр,CIAN,428,2528744.4,283.0,278.6,284.6,280.0,282.0,280.0,8968,282.0,282.0,280.0,2528744.4,2528744.4,2528744.4,0,3,-0.0042674253200568
TQBR,2022-06-27,CIAN-адр,CIAN,724,4040041.8,275.8,275.8,287.2,282.4,283.2,282.4,14268,283.2,283.2,282.4,4040041.8,4040041.8,4040041.8,0,3,0.0085714285714284
TQBR,2022-06-28,CIAN-адр,CIAN,666,3939358.2,288.2,279.8,288.2,281.4,283.4,281.4,13899,283.4,283.4,281.4,3939358.2,3939358.2,3939358.2,0,3,-0.0035410764872521
TQBR,2022-06-29,CIAN-адр,CIAN,684,3094504.8,282.0,275.0,287.6,279.8,280.8,279.8,11017,280.8,280.8,279.8,3094504.8,3094504.8,3094504.8,0,3,-0.0056858564321249
TQBR,2022-06-30,CIAN-адр,CIAN,1042,5663715.2,277.0,260.0,282.8,272.4,272.4,268.6,20794,272.4,272.4,272.4,5663715.2,5663715.2,5663715.2,0,3,-0.0400285918513223
TQBR,2022-07-01,CIAN-адр,CIAN,526,2475806.8,279.8,264.4,279.8,272.0,271.8,272.0,9109,271.8,271.8,272.0,2475806.8,2475806.8,2475806.8,0,3,0.0126582278481011
TQBR,2022-07-04,CIAN-адр,CIAN,609,2237338.6,266.6,266.6,282.8,269.6,271.8,269.6,8234,271.8,271.8,269.6,2237338.6,2237338.6,2237338.6,0,3,-0.0088235294117646
TQBR,2022-07-05,CIAN-адр,CIAN,721,3170943.8,274.2,266.6,275.0,269.6,269.8,269.6,11752,269.8,269.8,269.6,3170943.8,3170943.8,3170943.8,0,3,0.0
TQBR,2022-07-06,CIAN-адр,CIAN,1387,5826079.4,269.6,263.2,282.0,276.6,274.6,276.6,21213,274.6,274.6,276.6,5826079.4,5826079.4,5826079.4,0,3,0.0259643916913946
TQBR,2022-07-07,CIAN-адр,CIAN,1302,8501081.6,279.6,260.0,280.0,269.6,268.8,269.6,31637,268.8,268.8,269.6,8501081.6,8501081.6,8501081.6,0,3,-0.0253073029645697
TQBR,2022-07-08,CIAN-адр,CIAN,534,2213860.2,271.6,267.0,272.6,270.6,270.4,270.6,8185,270.4,270.4,270.6,2213860.2,2213860.2,2213860.2,0,3,0.0037091988130563
TQBR,2022-07-11,CIAN-адр,CIAN,753,3214796.4,280.0,265.0,280.0,268.4,270.2,268.4,11898,270.2,270.2,268.4,3214796.4,3214796.4,3214796.4,0,3,-0.0081300813008131
TQBR,2022-07-12,CIAN-адр,CIAN,554,1767843.8,268.0,261.8,269.6,262.0,264.2,262.0,6692,264.2,264.2,262.0,1767843.8,1767843.8,1767843.8,0,3,-0.0238450074515647
TQBR,2022-07-13,CIAN-адр,CIAN,2601,11046045.8,261.8,225.0,263.6,252.0,242.4,252.8,45551,242.4,242.4,252.0,11046045.8,11046045.8,11046045.8,0,3,-0.0351145038167938
TQBR,2022-07-14,CIAN-адр,CIAN,851,2934935.2,248.6,240.0,256.4,243.0,246.6,243.0,11904,246.6,246.6,243.0,2934935.2,2934935.2,2934935.2,0,3,-0.0387658227848101
TQBR,2022-07-15,CIAN-адр,CIAN,759,3011767.6,240.2,234.2,242.6,239.2,238.8,239.2,12615,238.8,238.8,239.2,3011767.6,3011767.6,3011767.6,0,3,-0.0156378600823045
TQBR,2022-07-18,CIAN-адр,CIAN,1070,4021581.2,245.0,225.4,248.0,237.6,234.4,237.6,17154,234.4,234.4,237.6,4021581.2,4021581.2,4021581.2,0,3,-0.0066889632107023
TQBR,2022-07-19,CIAN-адр,CIAN,788,2069656.6,229.2,226.2,235.8,228.8,230.4,228.8,8982,230.4,230.4,228.8,2069656.6,2069656.6,2069656.6,0,3,-0.0370370370370369
TQBR,2022-07-20,CIAN-адр,CIAN,751,2940193.0,237.0,228.8,239.0,234.4,234.2,234.4,12557,234.2,234.2,234.4,2940193.0,2940193.0,2940193.0,0,3,0.0244755244755244
TQBR,2022-07-21,CIAN-адр,CIAN,685,2608952.6,234.4,230.2,239.4,238.2,236.4,238.2,11038,236.4,236.4,238.2,2608952.6,2608952.6,2608952.6,0,3,0.016211604095563
TQBR,2022-07-22,CIAN-адр,CIAN,3214,21914181.6,244.4,237.0,277.4,262.4,262.8,262.4,83413,262.8,262.8,262.4,21914181.6,21914181.6,21914181.6,0,3,0.1015952980688496
TQBR,2022-07-25,CIAN-адр,CIAN,4725,33629544.8,262.2,257.2,294.8,290.6,284.0,290.6,118414,284.0,284.0,290.6,33629544.8,33629544.8,33629544.8,0,3,0.1074695121951221
TQBR,2022-07-26,CIAN-адр,CIAN,8775,86052968.2,297.0,292.6,339.0,313.2,316.8,313.2,271702,316.8,316.8,313.2,86052968.2,86052968.2,86052968.2,0,3,0.0777701307639365
TQBR,2022-07-27,CIAN-адр,CIAN,3559,27835399.6,325.0,293.2,325.0,304.0,305.4,304.0,91138,305.4,305.4,304.0,27835399.6,27835399.6,27835399.6,0,3,-0.0293742017879948
TQBR,2022-07-28,CIAN-адр,CIAN,2046,19025394.4,304.0,292.4,312.0,312.0,302.6,312.0,62876,302.6,302.6,312.0,19025394.4,19025394.4,19025394.4,0,3,0.0263157894736842
TQBR,2022-07-29,CIAN-адр,CIAN,9607,109977064.4,315.0,312.0,366.0,349.0,342.4,349.0,321182,342.4,342.4,349.0,109977064.4,109977064.4,109977064.4,0,3,0.1185897435897435
TQBR,2022-08-01,CIAN-адр,CIAN,6438,57786019.6,350.0,312.6,367.6,338.8,338.6,338.8,170712,338.6,338.6,338.8,57786019.6,57786019.6,57786019.6,0,3,-0.0292263610315185
TQBR,2022-08-02,CIAN-адр,CIAN,1956,14209465.2,338.0,320.0,343.0,321.6,326.2,321.6,43548,326.2,326.2,321.6,14209465.2,14209465.2,14209465.2,0,3,-0.050767414403778
TQBR,2022-08-03,CIAN-адр,CIAN,2935,22167005.0,322.0,310.6,339.0,316.6,322.2,316.6,68813,322.2,322.2,316.6,22167005.0,22167005.0,22167005.0,0,3,-0.015547263681592
TQBR,2022-08-04,CIAN-адр,CIAN,1660,14280389.0,320.0,313.0,332.0,321.2,321.6,321.2,44410,321.6,321.6,321.2,14280389.0,14280389.0,14280389.0,0,3,0.0145293746051799
TQBR,2022-08-05,CIAN-адр,CIAN,7358,51511555.2,316.6,308.2,329.6,323.0,316.4,323.0,162815,316.4,316.4,323.0,51511555.2,51511555.2,51511555.2,0,3,0.0056039850560398
TQBR,2022-08-08,CIAN-адр,CIAN,4001,25306687.2,324.0,323.2,345.0,339.8,337.4,339.8,74987,337.4,337.4,339.8,25306687.2,25306687.2,25306687.2,0,3,0.0520123839009288
TQBR,2022-08-09,CIAN-адр,CIAN,8724,57836406.8,346.0,323.8,365.2,345.0,334.6,345.0,172845,334.6,334.6,345.0,57836406.8,57836406.8,57836406.8,0,3,0.0153031194820482
TQBR,2022-08-10,CIAN-адр,CIAN,8724,64439664.6,334.8,334.8,367.8,365.4,353.6,365.4,182251,353.6,353.6,365.4,64439664.6,64439664.6,64439664.6,0,3,0.0591304347826086
TQBR,2022-08-11,CIAN-адр,CIAN,17972,156740976.2,366.0,366.0,403.0,387.4,390.8,387.4,401014,390.8,390.8,387.4,156740976.2,156740976.2,156740976.2,0,3,0.060207991242474
TQBR,2022-08-12,CIAN-адр,CIAN,14620,139838824.2,387.0,351.8,416.6,403.2,398.0,403.2,351375,398.0,398.0,403.2,139838824.2,139838824.2,139838824.2,0,3,0.0407847186370676
TQBR,2022-08-15,CIAN-адр,CIAN,12744,97266072.4,392.8,392.8,428.6,423.8,414.0,423.8,234895,414.0,414.0,423.8,97266072.4,97266072.4,97266072.4,0,3,0.0510912698412698
TQBR,2022-08-16,CIAN-адр,CIAN,9853,93557539.6,426.4,425.0,444.0,444.0,437.6,444.0,213821,437.6,437.6,444.0,93557539.6,93557539.6,93557539.6,0,3,0.0476639924492684
TQBR,2022-08-17,CIAN-адр,CIAN,7937,99329909.0,445.0,424.2,461.0,446.6,441.4,446.6,225078,441.4,441.4,446.6,99329909.0,99329909.0,99329909.0,0,3,0.0058558558558559
TQBR,2022-08-18,CIAN-адр,CIAN,2743,34820492.4,446.4,424.4,455.0,431.4,435.4,431.4,79985,435.4,435.4,431.4,34820492.4,34820492.4,34820492.4,0,3,-0.0340349305866548
TQBR,2022-08-19,CIAN-адр,CIAN,7168,69207248.8,428.0,405.0,440.0,429.6,415.4,429.6,166611,415.4,415.4,429.6,69207248.8,69207248.8,69207248.8,0,3,-0.0041724617524338
TQBR,2022-08-22,CIAN-адр,CIAN,2371,19277702.0,421.6,420.8,445.0,438.4,434.4,438.4,44385,434.4,434.4,438.4,19277702.0,19277702.0,19277702.0,0,3,0.02048417132216
TQBR,2022-08-23,CIAN-адр,CIAN,4164,38219001.2,441.0,439.2,477.6,461.8,451.4,461.8,84659,451.4,451.4,461.8,38219001.2,38219001.2,38219001.2,0,3,0.0533759124087592
TQBR,2022-08-24,CIAN-адр,CIAN,9861,97582484.8,454.2,442.0,493.0,469.8,469.6,469.8,208139,468.8,468.8,469.8,97582484.8,97582484.8,97582484.8,0,3,0.0173235166738848
TQBR,2022-08-25,CIAN-адр,CIAN,4547,47386849.2,485.8,472.2,494.4,483.8,483.8,483.8,97892,484.0,484.0,483.8,47386849.2,47386849.2,47386849.2,0,3,0.0297999148573861
TQBR,2022-08-26,CIAN-адр,CIAN,13082,156479729.8,481.4,479.4,560.0,537.0,522.8,537.0,299264,522.8,522.8,537.0,156479729.8,156479729.8,156479729.8,0,3,0.1099627945431996
TQBR,2022-08-29,CIAN-адр,CIAN,4927,65277380.2,538.4,522.6,564.6,541.4,543.8,541.4,120022,543.8,543.8,541.4,65277380.2,65277380.2,65277380.2,0,3,0.008193668528864
TQBR,2022-08-30,CIAN-адр,CIAN,2517,22224242.0,543.2,520.6,550.0,525.0,534.2,525.0,41604,534.2,534.2,525.0,22224242.0,22224242.0,22224242.0,0,3,-0.0302918359807905
TQBR,2022-08-31,CIAN-адр,CIAN,2254,49341421.2,516.0,491.0,533.0,517.8,517.8,517.8,95302,517.8,517.8,517.8,49341421.2,49341421.2,49341421.2,0,3,-0.0137142857142858
TQBR,2022-09-01,CIAN-адр,CIAN,817,9030152.8,518.0,512.6,521.8,517.8,516.2,517.8,17496,516.2,516.2,517.8,9030152.8,9030152.8,9030152.8,0,3,0.0
TQBR,2022-09-02,CIAN-адр,CIAN,717,6816192.2,519.8,511.8,519.8,513.8,515.0,513.8,13237,515.0,515.0,513.8,6816192.2,6816192.2,6816192.2,0,3,-0.007724990343762
TQBR,2022-09-05,CIAN-адр,CIAN,3816,29284195.0,522.8,495.0,522.8,504.0,502.6,504.0,58272,502.6,502.6,504.0,29284195.0,29284195.0,29284195.0,0,3,-0.0190735694822887
TQBR,2022-09-06,CIAN-адр,CIAN,2670,22777771.6,508.0,475.0,518.4,486.4,492.0,486.4,46302,492.0,492.0,486.4,22777771.6,22777771.6,22777771.6,0,3,-0.0349206349206349
TQBR,2022-09-07,CIAN-адр,CIAN,2582,19411686.4,486.4,461.0,496.4,465.8,470.0,465.8,41298,470.0,470.0,465.8,19411686.4,19411686.4,19411686.4,0,3,-0.0423519736842104
TQBR,2022-09-08,CIAN-адр,CIAN,5040,71843638.6,466.0,465.8,514.6,474.6,486.8,474.6,147565,486.8,486.8,474.6,71843638.6,71843638.6,71843638.6,0,3,0.0188922284242164
TQBR,2022-09-09,CIAN-адр,CIAN,3440,44039501.4,485.0,460.4,485.0,461.6,464.8,461.6,94731,464.8,464.8,461.6,44039501.4,44039501.4,44039501.4,0,3,-0.0273914875684787
TQBR,2022-09-12,CIAN-адр,CIAN,3166,39532617.2,462.0,450.2,476.0,463.6,462.2,465.4,85548,462.0,462.0,463.6,36132670.2,36132670.2,36132670.2,0,3,0.0082322357019063
TQBR,2022-09-13,CIAN-адр,CIAN,1591,18339456.2,480.0,459.6,481.0,467.2,469.0,470.6,39103,468.8,468.8,467.2,14938637.4,14938637.4,14938637.4,0,3,0.0111731843575419
TQBR,2022-09-14,CIAN-адр,CIAN,2925,29980510.0,470.6,449.8,480.0,458.2,457.8,462.0,65496,457.6,457.6,458.2,28661738.6,28661738.6,28661738.6,0,3,-0.0182745431364216
TQBR,2022-09-15,CIAN-адр,CIAN,1805,15923211.2,463.0,463.0,475.0,470.8,469.8,474.6,33893,469.2,469.2,470.8,13385797.4,13385797.4,13385797.4,0,3,0.0272727272727273
TQBR,2022-09-16,CIAN-адр,CIAN,3595,46711347.0,501.0,466.0,501.0,471.0,479.4,474.6,97420,479.6,479.6,471.0,45045983.6,45045983.6,45045983.6,0,3,0.0
TQBR,2022-09-19,CIAN-адр,CIAN,1684,16693359.4,485.0,455.0,485.0,463.4,466.4,466.0,35791,466.6,466.6,463.4,15418176.4,15418176.4,15418176.4,0,3,-0.0181205225453013
TQBR,2022-09-20,CIAN-адр,CIAN,7777,55468963.4,458.0,401.2,465.8,416.2,433.8,425.2,127843,435.6,435.6,416.2,48396218.4,48396218.4,48396218.4,0,3,-0.0875536480686695
TQBR,2022-09-21,CIAN-адр,CIAN,3319,28136957.2,400.2,380.2,419.8,393.2,397.4,402.0,70792,397.6,397.6,393.2,26497205.4,26497205.4,26497205.4,0,3,-0.0545625587958607
TQBR,2022-09-22,CIAN-адр,CIAN,1838,10452846.8,396.0,387.2,420.0,409.8,407.8,410.2,25628,407.6,407.6,409.8,9815500.4,9815500.4,9815500.4,0,3,0.0203980099502487
TQBR,2022-09-23,CIAN-адр,CIAN,4043,27394085.2,414.6,370.0,417.0,373.8,380.0,376.8,72094,380.0,380.0,373.8,26190798.6,26190798.6,26190798.6,0,3,-0.0814236957581667
TQBR,2022-09-26,CIAN-адр,CIAN,5314,34671111.0,359.8,299.8,372.8,310.0,326.0,310.4,106379,326.6,326.6,310.0,32714088.4,32714088.4,32714088.4,0,3,-0.1762208067940552
TQBR,2022-09-27,CIAN-адр,CIAN,4084,22549673.2,304.6,286.4,330.0,311.8,305.6,323.2,73809,304.4,304.4,311.8,18815008.0,18815008.0,18815008.0,0,3,0.0412371134020618
TQBR,2022-09-28,CIAN-адр,CIAN,1897,10461322.4,308.2,301.0,327.0,317.8,317.2,316.8,32978,317.2,317.2,317.8,9306816.4,9306816.4,9306816.4,0,3,-0.0198019801980197
TQBR,2022-09-29,CIAN-адр,CIAN,3165,15595178.8,319.0,281.0,332.0,305.0,307.8,306.6,50657,309.6,309.6,305.0,13073169.0,13073169.0,13073169.0,0,3,-0.0321969696969696
TQBR,2022-09-30,CIAN-адр,CIAN,2007,8290344.2,303.2,290.4,317.0,299.8,302.4,305.2,27409,302.0,302.0,299.8,6147269.2,6147269.2,6147269.2,0,3,-0.0045662100456622
TQBR,2022-10-03,CIAN-адр,CIAN,15689,123888370.8,300.2,300.2,419.2,358.2,383.4,397.0,323116,335.8,335.8,358.2,30514766.0,30514766.0,30514766.0,0,3,0.3007863695937091
TQBR,2022-10-04,CIAN-адр,CIAN,21892,216230909.8,394.0,378.0,467.0,389.4,418.2,394.4,516994,420.0,420.0,389.4,205984703.2,205984703.2,205984703.2,0,3,-0.0065491183879093
TQBR,2022-10-05,CIAN-адр,CIAN,7023,57129582.2,395.0,365.0,410.0,384.8,385.0,386.6,148350,385.0,385.0,384.8,53651405.4,53651405.4,53651405.4,0,3,-0.0197768762677483
TQBR,2022-10-06,CIAN-адр,CIAN,6663,46368397.8,379.2,379.0,411.8,383.4,397.0,386.0,116792,397.6,397.6,383.4,43892444.8,43892444.8,43892444.8,0,3,-0.0015519917227108
TQBR,2022-10-07,CIAN-адр,CIAN,3435,18178009.4,386.0,350.0,394.8,364.2,371.0,356.2,48999,374.6,374.6,364.2,14198220.0,14198220.0,14198220.0,0,3,-0.0772020725388601
TQBR,2022-10-10,CIAN-адр,CIAN,7487,54715718.2,328.0,328.0,394.6,390.0,373.4,388.0,146496,372.2,372.2,390.0,49941604.0,49941604.0,49941604.0,0,3,0.0892756878158338
TQBR,2022-10-11,CIAN-адр,CIAN,2717,19806403.0,397.8,379.0,408.8,393.6,395.4,392.8,50103,395.4,395.4,393.6,17374269.0,17374269.0,17374269.0,0,3,0.0123711340206185
TQBR,2022-10-12,CIAN-адр,CIAN,1963,16591029.6,393.0,370.0,408.0,393.8,392.8,386.0,42236,395.6,395.6,393.8,11413103.2,11413103.2,11413103.2,0,3,-0.0173116089613034
TQBR,2022-10-13,CIAN-адр,CIAN,1445,9652367.6,388.0,375.0,397.6,387.0,384.6,386.8,25097,384.8,384.8,387.0,7359063.2,7359063.2,7359063.2,0,3,0.0020725388601036
TQBR,2022-10-14,CIAN-адр,CIAN,1197,7345913.0,387.0,373.2,392.0,382.8,382.2,379.8,19219,382.4,382.4,382.8,6536691.2,6536691.2,6536691.2,0,3,-0.0180972078593588
TQBR,2022-10-17,CIAN-адр,CIAN,1887,16251955.4,382.0,371.6,402.0,388.2,389.4,388.4,41744,389.4,389.4,388.2,8145978.6,8145978.6,8145978.6,0,3,0.0226434965771457
TQBR,2022-10-18,CIAN-адр,CIAN,1660,9917087.2,390.0,364.6,393.6,383.4,380.6,376.6,26052,387.2,387.2,383.4,5097193.2,5097193.2,5097193.2,0,3,-0.0303810504634396
TQBR,2022-10-19,CIAN-адр,CIAN,1961,11380885.8,371.0,360.0,381.4,366.2,368.4,376.4,30885,367.0,367.0,366.2,8280410.2,8280410.2,8280410.2,0,3,-0.0005310674455657
TQBR,2022-10-20,CIAN-адр,CIAN,1388,11347528.2,378.0,363.2,384.0,371.6,375.4,374.8,30220,375.6,375.6,371.6,10540093.6,10540093.6,10540093.6,0,3,-0.0042507970244419
TQBR,2022-10-21,CIAN-адр,CIAN,1685,8928991.0,374.8,364.0,377.0,370.8,369.6,374.0,24154,368.4,368.4,370.8,5475885.6,5475885.6,5475885.6,0,3,-0.0021344717182497
TQBR,2022-10-24,CIAN-адр,CIAN,728,4200969.2,385.0,371.0,385.0,375.6,376.2,375.0,11168,376.8,376.8,375.6,2998529.0,2998529.0,2998529.0,0,3,0.0026737967914438
TQBR,2022-10-25,CIAN-адр,CIAN,1451,9168257.6,375.8,372.0,390.0,380.0,380.4,384.0,24104,377.8,377.8,380.0,5720182.0,5720182.0,5720182.0,0,3,0.024
TQBR,2022-10-26,CIAN-адр,CIAN,1372,8681086.2,385.0,371.8,389.0,379.0,379.4,379.8,22876,379.8,379.8,379.0,6909362.4,6909362.4,6909362.4,0,3,-0.0109374999999999
TQBR,2022-10-27,CIAN-адр,CIAN,2538,19602910.6,379.8,378.0,400.0,390.4,392.6,395.0,49938,391.8,391.8,390.4,15593267.0,15593267.0,15593267.0,0,3,0.0400210637177461
TQBR,2022-10-28,CIAN-адр,CIAN,5579,43023897.2,386.2,386.2,428.0,422.0,411.4,421.0,104584,410.4,410.4,422.0,39336146.6,39336146.6,39336146.6,0,3,0.0658227848101265
TQBR,2022-10-31,CIAN-адр,CIAN,4510,36138376.6,426.6,411.0,443.4,419.2,423.6,432.4,85148,423.6,423.6,419.2,26374133.4,26374133.4,26374133.4,0,3,0.0270783847980997
TQBR,2022-11-01,CIAN-адр,CIAN,2333,16983614.6,447.0,427.6,447.0,437.6,436.8,435.4,38889,436.8,436.8,437.6,14982085.2,14982085.2,14982085.2,0,3,0.0069380203515263
TQBR,2022-11-02,CIAN-адр,CIAN,3878,37473365.4,435.4,405.2,454.4,439.2,442.8,424.0,84616,446.6,446.6,439.2,29534883.0,29534883.0,29534883.0,0,3,-0.0261828203950389
TQBR,2022-11-03,CIAN-адр,CIAN,2257,19055443.6,424.0,412.2,443.6,432.8,429.4,433.4,44373,427.4,427.4,432.8,14840380.4,14840380.4,14840380.4,0,3,0.0221698113207546
TQBR,2022-11-07,CIAN-адр,CIAN,9352,159303661.8,435.0,435.0,474.4,464.2,456.4,469.4,348825,456.0,456.0,464.2,149815737.8,149815737.8,149815737.8,0,3,0.0830641439778495
TQBR,2022-11-08,CIAN-адр,CIAN,3414,41321786.6,474.0,450.0,474.0,458.2,460.0,458.4,89838,460.2,460.2,458.2,36396706.0,36396706.0,36396706.0,0,3,-0.0234341712824882
TQBR,2022-11-09,CIAN-адр,CIAN,2115,21163467.4,459.8,436.0,459.8,451.0,449.6,442.2,47078,453.6,453.6,451.0,12863010.8,12863010.8,12863010.8,0,3,-0.0353403141361256
TQBR,2022-11-10,CIAN-адр,CIAN,3381,40109070.6,441.6,422.8,466.0,455.0,447.2,455.0,89691,446.6,446.6,455.0,36426750.8,36426750.8,36426750.8,0,3,0.0289461781999095
TQBR,2022-11-11,CIAN-адр,CIAN,2028,16159399.2,456.2,438.6,457.8,447.0,448.0,446.8,36077,449.6,449.6,447.0,11596191.2,11596191.2,11596191.2,0,3,-0.0180219780219779
TQBR,2022-11-14,CIAN-адр,CIAN,1232,9737275.8,447.4,440.2,454.8,446.0,448.8,446.8,21695,449.4,449.4,446.0,7634988.0,7634988.0,7634988.0,0,3,0.0
TQBR,2022-11-15,CIAN-адр,CIAN,4856,50039163.0,446.8,390.0,455.0,444.4,427.4,423.8,117051,443.4,443.4,444.4,17187679.2,17187679.2,17187679.2,0,3,-0.0514771709937332
TQBR,2022-11-16,CIAN-адр,CIAN,1563,13212909.6,442.6,419.6,442.6,427.4,430.8,432.2,30670,430.2,430.2,427.4,9897140.8,9897140.8,9897140.8,0,3,0.0198206701274185
TQBR,2022-11-17,CIAN-адр,CIAN,6460,71542009.6,435.0,428.2,466.8,461.0,453.4,461.0,157757,452.2,452.2,461.0,56496614.2,56496614.2,56496614.2,0,3,0.0666358167515039
TQBR,2022-11-18,CIAN-адр,CIAN,3995,45116763.4,465.0,451.2,468.6,464.6,462.2,462.0,97617,462.2,462.2,464.6,38934456.0,38934456.0,38934456.0,0,3,0.0021691973969631
TQBR,2022-11-21,CIAN-адр,CIAN,4031,35500253.0,460.0,432.2,460.2,441.4,445.0,448.6,79783,444.8,444.8,441.4,26489427.2,26489427.2,26489427.2,0,3,-0.0290043290043289
TQBR,2022-11-22,CIAN-адр,CIAN,1231,13949016.4,448.6,440.6,448.8,445.2,444.4,445.8,31395,444.0,444.0,445.2,11320177.8,11320177.8,11320177.8,0,3,-0.0062416406598306
TQBR,2022-11-23,CIAN-адр,CIAN,1422,11679269.4,446.0,427.6,446.2,439.8,439.4,440.6,26584,439.2,439.2,439.8,10883727.2,10883727.2,10883727.2,0,3,-0.0116644235082996
TQBR,2022-11-24,CIAN-адр,CIAN,766,4036846.6,442.0,435.0,442.0,436.2,438.0,436.0,9218,438.4,438.4,436.2,3279321.4,3279321.4,3279321.4,0,3,-0.0104403086699955
TQBR,2022-11-25,CIAN-адр,CIAN,918,5501108.2,440.2,428.2,440.2,431.0,433.4,431.0,12691,433.6,433.6,431.0,5223169.0,5223169.0,5223169.0,0,3,-0.0114678899082568
TQBR,2022-11-28,CIAN-адр,CIAN,1379,10299676.8,428.6,421.0,435.0,423.8,426.4,435.0,24155,425.0,425.0,423.8,8091358.8,8091358.8,8091358.8,0,3,0.0092807424593967
TQBR,2022-11-29,CIAN-адр,CIAN,685,5156138.8,442.4,424.8,442.4,427.2,430.4,430.6,11976,430.6,430.6,427.2,4525372.6,4525372.6,4525372.6,0,3,-0.0101149425287355
TQBR,2022-11-30,CIAN-адр,CIAN,679,5268558.2,430.2,425.8,431.6,429.0,428.2,430.8,12304,428.0,428.0,429.0,4511896.2,4511896.2,4511896.2,0,3,0.0004644681839293
TQBR,2022-12-01,CIAN-адр,CIAN,723,3789426.8,432.0,425.0,432.0,427.4,427.2,427.2,8872,427.2,427.2,427.4,3223948.4,3223948.4,3223948.4,0,3,-0.0083565459610028
TQBR,2022-12-02,CIAN-адр,CIAN,1193,5882204.0,430.0,417.0,430.0,420.0,420.8,420.8,13981,420.8,420.8,420.0,5411644.0,5411644.0,5411644.0,0,3,-0.0149812734082396
TQBR,2022-12-05,CIAN-адр,CIAN,1481,12304482.6,419.0,412.4,426.0,419.6,419.0,422.6,29360,417.4,417.4,419.6,8808090.4,8808090.4,8808090.4,0,3,0.0042775665399239
TQBR,2022-12-06,CIAN-адр,CIAN,723,5464139.8,422.6,410.0,425.2,416.6,416.6,415.0,13117,418.2,418.2,416.6,3553879.0,3553879.0,3553879.0,0,3,-0.0179839091339328
TQBR,2022-12-07,CIAN-адр,CIAN,2656,20498503.8,416.4,397.8,417.0,404.6,403.2,405.6,50793,403.4,403.4,404.6,18691814.0,18691814.0,18691814.0,0,3,-0.0226506024096385
TQBR,2022-12-08,CIAN-адр,CIAN,1331,10309575.8,404.8,396.6,405.0,399.4,399.4,398.8,25816,399.2,399.2,399.4,8843660.8,8843660.8,8843660.8,0,3,-0.0167652859960552
TQBR,2022-12-09,CIAN-адр,CIAN,1232,8651088.2,400.8,392.8,405.0,398.4,399.6,399.0,21648,400.4,400.4,398.4,6755212.2,6755212.2,6755212.2,0,3,0.0005015045135405
TQBR,2022-12-12,CIAN-адр,CIAN,1359,9710897.4,395.2,388.2,400.0,393.0,392.6,392.8,24735,392.8,392.8,393.0,8309432.2,8309432.2,8309432.2,0,3,-0.0155388471177944
TQBR,2022-12-13,CIAN-адр,CIAN,1179,5212030.0,394.0,383.2,398.0,386.0,388.0,386.2,13436,388.2,388.2,386.0,4502522.2,4502522.2,4502522.2,0,3,-0.0168024439918534
TQBR,2022-12-14,CIAN-адр,CIAN,1786,8054390.0,384.6,368.8,385.6,375.2,376.2,372.4,21407,378.2,378.2,375.2,5481170.2,5481170.2,5481170.2,0,3,-0.0357327809425168
TQBR,2022-12-15,CIAN-адр,CIAN,2056,15582189.6,373.6,353.0,373.6,360.4,361.4,366.6,43121,360.8,360.8,360.4,13875216.4,13875216.4,13875216.4,0,3,-0.0155746509129966
TQBR,2022-12-16,CIAN-адр,CIAN,709,5229626.0,369.0,361.0,369.0,365.0,364.4,364.0,14348,364.2,364.2,365.0,4272490.6,4272490.6,4272490.6,0,3,-0.0070921985815603
TQBR,2022-12-19,CIAN-адр,CIAN,1900,10885071.4,364.0,351.6,378.8,359.2,360.0,354.2,30241,360.6,360.6,359.2,9495957.2,9495957.2,9495957.2,0,3,-0.0269230769230769
TQBR,2022-12-20,CIAN-адр,CIAN,2029,16426784.4,355.0,350.0,376.4,363.0,364.4,372.4,45076,363.2,363.2,363.0,14120364.8,14120364.8,14120364.8,0,3,0.0513833992094861
TQBR,2022-12-21,CIAN-адр,CIAN,3335,25123439.6,366.6,366.6,395.0,383.8,385.2,393.6,65227,384.2,384.2,383.8,21376834.6,21376834.6,21376834.6,0,3,0.0569280343716435
TQBR,2022-12-22,CIAN-адр,CIAN,4759,51012722.4,397.6,371.0,415.0,391.0,399.8,387.0,127595,403.8,403.8,391.0,42856059.8,42856059.8,42856059.8,0,3,-0.0167682926829268
TQBR,2022-12-23,CIAN-адр,CIAN,1421,8618056.0,387.8,372.6,390.0,375.4,377.8,378.4,22763,378.8,378.8,375.4,7964180.4,7964180.4,7964180.4,0,3,-0.0222222222222222
TQBR,2022-12-26,CIAN-адр,CIAN,3234,23335398.6,381.8,366.0,381.8,374.2,371.0,374.6,62890,370.4,370.4,374.2,20269323.2,20269323.2,20269323.2,0,3,-0.0100422832980971
TQBR,2022-12-27,CIAN-адр,CIAN,2106,15745377.4,378.0,371.2,380.6,375.2,375.6,375.0,41921,375.6,375.6,375.2,15060885.2,15060885.2,15060885.2,0,3,0.0010678056593699
TQBR,2022-12-28,CIAN-адр,CIAN,2301,14583840.4,375.0,360.2,376.2,363.6,367.0,363.4,39734,367.8,367.8,363.6,12098927.0,12098927.0,12098927.0,0,3,-0.0309333333333333
TQBR,2022-12-29,CIAN-адр,CIAN,1767,10170509.0,364.4,359.0,366.8,360.0,361.8,365.2,28110,360.8,360.8,360.0,7549474.2,7549474.2,7549474.2,0,3,0.0049532195927353
TQBR,2022-12-30,CIAN-адр,CIAN,1003,7869235.2,363.0,357.0,363.4,360.6,360.6,361.0,21820,361.0,361.0,360.6,6206009.2,6206009.2,6206009.2,0,3,-0.0115005476451259
TQBR,2023-01-03,CIAN-адр,CIAN,2120,18847272.4,361.6,360.0,379.0,373.2,370.4,371.4,50879,370.2,370.2,373.2,16853374.6,16853374.6,16853374.6,0,3,0.0288088642659279
TQBR,2023-01-04,CIAN-адр,CIAN,1065,5049567.4,377.8,361.0,377.8,369.4,368.6,370.8,13696,368.0,368.0,369.4,3845009.4,3845009.4,3845009.4,0,3,-0.0016155088852987
TQBR,2023-01-05,CIAN-адр,CIAN,494,2646267.0,368.0,366.4,372.2,366.8,368.8,367.6,7176,368.8,368.8,366.8,2480058.2,2480058.2,2480058.2,0,3,-0.0086299892125134
TQBR,2023-01-06,CIAN-адр,CIAN,559,2683372.0,367.8,362.8,367.8,364.2,364.6,365.4,7359,365.0,365.0,364.2,1901364.6,1901364.6,1901364.6,0,3,-0.0059847660500545
TQBR,2023-01-09,CIAN-адр,CIAN,1569,10060807.2,366.0,358.8,366.6,361.8,362.2,364.6,27774,362.2,362.2,361.8,8820100.2,8820100.2,8820100.2,0,3,-0.0021893814997262
TQBR,2023-01-10,CIAN-адр,CIAN,2169,27900131.2,360.8,356.6,362.0,359.2,360.6,361.8,77392,360.4,360.4,359.2,26281700.2,26281700.2,26281700.2,0,3,-0.0076796489303346
TQBR,2023-01-11,CIAN-адр,CIAN,5295,51446069.6,363.8,360.2,382.0,378.2,372.2,379.4,138248,370.8,370.8,378.2,41884315.8,41884315.8,41884315.8,0,3,0.048645660585959
TQBR,2023-01-12,CIAN-адр,CIAN,3974,34235274.6,380.2,373.0,394.0,384.4,384.0,377.2,89138,385.6,385.6,384.4,27851918.0,27851918.0,27851918.0,0,3,-0.0057986294148655
TQBR,2023-01-13,CIAN-адр,CIAN,1408,9776943.0,375.2,372.0,378.4,377.2,375.2,376.4,26055,375.0,375.0,377.2,8107993.6,8107993.6,8107993.6,0,3,-0.0021208907741251
TQBR,2023-01-16,CIAN-адр,CIAN,22103,226830711.6,377.8,377.6,431.0,418.0,412.2,419.6,550285,411.2,411.2,,203692254.8,203692254.8,,0,3,0.1147715196599363
TQBR,2023-01-17,CIAN-адр,CIAN,6981,63898235.0,420.0,391.0,420.6,400.4,406.2,410.0,157270,406.6,406.6,,47070861.0,47070861.0,,0,3,-0.0228789323164919
TQBR,2023-01-18,CIAN-адр,CIAN,2758,21954748.2,418.6,401.2,418.6,410.0,410.6,408.2,53477,410.6,410.6,,19051344.0,19051344.0,,0,3,-0.004390243902439
TQBR,2023-01-19,CIAN-адр,CIAN,2459,23608712.2,410.4,393.0,410.4,404.4,400.8,398.8,58907,401.0,401.0,,20972317.4,20972317.4,,0,3,-0.0230279274865261
TQBR,2023-01-20,CIAN-адр,CIAN,1749,15085083.6,401.8,396.6,409.0,408.0,404.8,406.4,37261,404.8,404.8,,13927781.4,13927781.4,,0,3,0.0190571715145435
TQBR,2023-01-23,CIAN-адр,CIAN,2553,25976012.0,406.6,406.0,420.0,410.8,414.8,413.6,62618,415.0,415.0,,24030249.0,24030249.0,,0,3,0.0177165354330709
TQBR,2023-01-24,CIAN-адр,CIAN,1976,16560098.2,419.6,402.4,419.6,408.4,411.4,412.0,40246,411.6,411.6,,14400595.2,14400595.2,,0,3,-0.0038684719535783
TQBR,2023-01-25,CIAN-адр,CIAN,1394,10687142.8,410.0,405.4,415.8,411.0,412.8,412.4,25892,412.6,412.6,,8290742.2,8290742.2,,0,3,0.0009708737864077
TQBR,2023-01-26,CIAN-адр,CIAN,1297,10315971.6,417.0,405.6,417.0,411.4,412.0,409.0,25042,413.2,413.2,,7498379.0,7498379.0,,0,3,-0.0082444228903976
TQBR,2023-01-27,CIAN-адр,CIAN,1176,11315489.6,409.0,400.6,415.8,410.0,410.6,413.4,27552,410.2,410.2,,9630072.8,9630072.8,,0,3,0.0107579462102688
TQBR,2023-01-30,CIAN-адр,CIAN,5341,50460875.8,415.8,407.8,431.4,425.6,422.2,425.0,119520,422.8,422.8,,40331803.4,40331803.4,,0,3,0.0280599903241413
TQBR,2023-01-31,CIAN-адр,CIAN,3880,36659188.4,422.4,422.0,442.0,434.0,433.0,430.4,84672,433.8,433.8,,30739544.0,30739544.0,,0,3,0.0127058823529411
TQBR,2023-02-01,CIAN-адр,CIAN,2501,17709663.0,433.0,425.0,439.0,427.0,429.2,428.6,41267,429.2,429.2,,16831834.2,16831834.2,,0,3,-0.0041821561338288
TQBR,2023-02-02,CIAN-адр,CIAN,2475,20161939.4,428.6,425.4,440.0,435.0,434.6,437.4,46390,433.8,433.8,,15760785.2,15760785.2,,0,3,0.0205319645356975
TQBR,2023-02-03,CIAN-адр,CIAN,1755,12288047.0,437.2,427.2,440.6,431.0,432.2,431.0,28425,431.4,431.4,,8666712.8,8666712.8,,0,3,-0.0146319158664837
TQBR,2023-02-06,CIAN-адр,CIAN,1693,10019651.8,431.2,428.0,434.2,430.6,431.2,433.6,23241,431.0,431.0,,8266767.2,8266767.2,,0,3,0.0060324825986079
TQBR,2023-02-07,CIAN-адр,CIAN,1615,10884032.2,433.8,427.0,433.8,428.2,428.8,428.8,25378,429.0,429.0,,9685624.4,9685624.4,,0,3,-0.011070110701107
TQBR,2023-02-08,CIAN-адр,CIAN,2717,19941970.8,429.2,411.0,429.8,422.6,423.2,422.8,47129,423.2,423.2,,19082052.6,19082052.6,,0,3,-0.0139925373134328
TQBR,2023-02-09,CIAN-адр,CIAN,1534,7475595.6,424.6,413.8,427.2,419.6,420.0,415.6,17799,421.0,421.0,,5684285.4,5684285.4,,0,3,-0.0170293282876064
TQBR,2023-02-10,CIAN-адр,CIAN,1947,14678716.4,416.6,415.6,429.0,419.6,421.8,419.6,34802,421.8,421.8,,14038756.0,14038756.0,,0,3,0.0096246390760346
TQBR,2023-02-13,CIAN-адр,CIAN,1153,7063422.0,420.0,413.0,421.2,417.8,417.2,413.4,16934,417.6,417.6,,5360512.2,5360512.2,,0,3,-0.0147759771210677
TQBR,2023-02-14,CIAN-адр,CIAN,2110,17430531.0,413.6,400.2,420.0,410.0,411.0,409.4,42400,411.2,411.2,,16331334.8,16331334.8,,0,3,-0.0096758587324625
TQBR,2023-02-15,CIAN-адр,CIAN,4053,28359581.4,409.0,375.2,409.0,384.8,390.8,392.4,72570,393.8,393.8,,20430858.2,20430858.2,,0,3,-0.04152418172936
TQBR,2023-02-16,CIAN-адр,CIAN,1348,12520400.4,392.4,385.6,400.0,388.0,394.8,393.0,31710,395.2,395.2,,10362908.2,10362908.2,,0,3,0.0015290519877676
TQBR,2023-02-17,CIAN-адр,CIAN,1088,5498725.8,396.0,379.2,398.0,390.0,389.0,397.6,14133,387.6,387.6,,3946873.8,3946873.8,,0,3,0.011704834605598
TQBR,2023-02-20,CIAN-адр,CIAN,1063,5523174.8,399.0,386.4,399.0,392.6,392.2,394.6,14083,391.0,391.0,,4152231.6,4152231.6,,0,3,-0.0075452716297786
TQBR,2023-02-21,CIAN-адр,CIAN,3821,26595886.8,391.0,380.0,406.6,399.8,396.0,403.8,67146,394.6,394.6,,21346848.2,21346848.2,,0,3,0.0233147491130258
TQBR,2023-02-22,CIAN-адр,CIAN,747,4543499.6,407.0,399.0,407.0,399.0,401.2,401.4,11326,401.2,401.2,,4190350.4,4190350.4,,0,3,-0.0059435364041605
